-- --------------------------------------------------------
-- 主机:                           127.0.0.1
-- 服务器版本:                        5.6.24 - MySQL Community Server (GPL)
-- 服务器操作系统:                      Win32
-- HeidiSQL 版本:                  8.3.0.4694
-- --------------------------------------------------------

/*!40101 SET @OLD_CHARACTER_SET_CLIENT=@@CHARACTER_SET_CLIENT */;
/*!40101 SET NAMES utf8 */;interesting_shop_db
/*!40014 SET @OLD_FOREIGN_KEY_CHECKS=@@FOREIGN_KEY_CHECKS, FOREIGN_KEY_CHECKS=0 */;
/*!40101 SET @OLD_SQL_MODE=@@SQL_MODE, SQL_MODE='NO_AUTO_VALUE_ON_ZERO' */;

-- 导出 interesting_shop_db 的数据库结构
CREATE DATABASE IF NOT EXISTS `interesting_shop_db` /*!40100 DEFAULT CHARACTER SET utf8 */;
USE `interesting_shop_db`;


-- 导出  表 interesting_shop_db.t_base_order 结构
CREATE TABLE IF NOT EXISTS `t_base_order` (
  `id` int(11) NOT NULL AUTO_INCREMENT COMMENT '主键',
  `userId` int(255) DEFAULT NULL COMMENT '用户主键',
  `account` varchar(255) DEFAULT NULL,
  `userAddress` varchar(255) DEFAULT NULL COMMENT '用户地址',
  `createTime` datetime DEFAULT NULL COMMENT '创建时间',
  `amount` float DEFAULT NULL COMMENT '总消费',
  `orderNo` varchar(255) DEFAULT NULL COMMENT '订单号',
  PRIMARY KEY (`id`)
) ENGINE=InnoDB AUTO_INCREMENT=28 DEFAULT CHARSET=utf8;

-- 正在导出表  interesting_shop_db.t_base_order 的数据：~25 rows (大约)
/*!40000 ALTER TABLE `t_base_order` DISABLE KEYS */;
INSERT INTO `t_base_order` (`id`, `userId`, `account`, `userAddress`, `createTime`, `amount`, `orderNo`) VALUES
	(3, 2, 'admin', '北京市海淀区大有庄', '2016-06-03 11:41:09', 456, '51718726C1274CC59504AB4E6FD64BA0'),
	(6, 2, 'admin', '北京市海淀区学府路', '2019-11-19 11:12:11', 15238, '83ED84D2DBC14EAFAF0449BE78BC137E'),
	(7, 2, 'admin', '北京市海淀区学府路', '2019-11-19 11:13:45', 15238, 'D0537840297E4E18B4E8095CE02BA789'),
	(8, 2, 'admin', '北京市海淀区学府路', '2019-11-19 11:15:12', 11974, '40A2AF0351E94320903985F60B9C0F9F'),
	(9, 2, 'admin', '北京市海淀区学府路', '2019-11-19 11:16:06', 6011, '1428BE7E8EFA4CA6ADCCABFFBCE0D3ED'),
	(10, 2, 'admin', '北京市海淀区学府路', '2019-11-19 11:17:37', 6011, '42A46016EBDF487495652BF09A5BFE7E'),
	(11, 2, 'admin', '北京市海淀区大有庄', '2019-11-19 17:36:18', 888, '7AD4E17982B64A1FBD8147E322D87539'),
	(12, 2, 'admin', '北京市海淀区大有庄', '2019-11-20 17:37:41', 1200, '8FD3D725AD014768950F532041A1F49C'),
	(13, 2, 'admin', '北京市海淀区学府路', '2019-11-20 17:46:47', 2845, '80451D68F1D1458A9277A3BE6078259A'),
	(14, 2, 'admin', '北京市海淀区大有庄', '2019-11-20 17:49:22', 152, '0EC1F947437144E1865301834FA9164F'),
	(15, 2, 'admin', '北京市海淀区大有庄', '2019-11-20 17:50:36', 5866, '8D7644406E254351A83A1B5F17FBC91C'),
	(16, 2, 'admin', '北京市海淀区大有庄', '2019-11-20 17:59:34', 152, '54E4933280704429AD326364C2598949'),
	(17, 2, 'admin', '北京市海淀区大有庄', '2019-11-20 18:02:00', 152, 'F17FC13DDA1B48C6990D601AB9FA0E25'),
	(18, 2, 'admin', '北京市海淀区大有庄', '2019-11-20 18:19:19', 152, '0D5F5073D60B41BD92349B9083925CB0'),
	(19, 2, 'admin', '北京市海淀区大有庄', '2019-11-20 18:38:16', 156, '57E8C91A413349509BEAD983417AA89F'),
	(20, 2, 'admin', '北京市海淀区大有庄', '2019-11-20 18:39:45', 156, 'D751212DD2D24347884060A3E49D16A6'),
	(21, 2, 'admin', '北京市海淀区大有庄', '2019-11-20 18:40:40', 45, '56D2123646DB40448AA1043193215F69'),
	(22, 2, 'admin', '北京市海淀区大有庄', '2019-11-20 18:42:55', 152, '689BA1BECF72435884D42CC9D641DFFD'),
	(23, 2, 'admin', '北京市海淀区大有庄', '2019-11-20 19:28:13', 2454, '52AEC8C899FC4D6BA2833FF8FBB778B2'),
	(24, 2, 'admin', '北京市海淀区大有庄', '2019-11-20 19:29:12', 152, '397D8C17233640EBB21892432265B202'),
	(25, 2, 'admin', '北京市海淀区大有庄', '2019-11-20 19:33:21', 152, '863D2FAF19F443919AA2FBD53B0D6C65'),
	(26, 2, 'admin', '北京市海淀区大有庄', '2019-11-20 19:33:54', 152, '8C7C74F58E2B4204B60478F7DDF152A0'),
	(27, 2, 'admin', '北京市海淀区大有庄', '2019-11-21 09:22:29', 596, '20A0102567934EF18C0F7641502A9A08');
/*!40000 ALTER TABLE `t_base_order` ENABLE KEYS */;


-- 导出  表 interesting_shop_db.t_classify 结构
CREATE TABLE IF NOT EXISTS `t_classify` (
  `id` int(10) NOT NULL AUTO_INCREMENT COMMENT '主键',
  `classifyName` varchar(20) NOT NULL COMMENT '名称',
  `parentId` int(10) NOT NULL COMMENT '父级目录id',
  `type` int(11) DEFAULT NULL COMMENT '级别(1:一级 2：二级 3：三级)',
  `icon` varchar(255) DEFAULT NULL COMMENT '图标',
  PRIMARY KEY (`id`),
  UNIQUE KEY `PK__EASYBUY___9EC2A4E236B12243` (`id`)
) ENGINE=InnoDB AUTO_INCREMENT=710 DEFAULT CHARSET=utf8;

-- 正在导出表  interesting_shop_db.t_classify 的数据：~47 rows (大约)
/*!40000 ALTER TABLE `t_classify` DISABLE KEYS */;
INSERT INTO `t_classify` (`id`, `classifyName`, `parentId`, `type`, `icon`) VALUES
	(548, '化妆品', 0, 1, ''),
	(628, '家用商品', 0, 1, ''),
	(654, '面部护理', 548, 2, ''),
	(655, '少女派', 654, 3, ''),
	(656, '餐具', 628, 2, ''),
	(657, '卫具', 628, 2, ''),
	(658, '叉子', 656, 3, ''),
	(659, '锅', 656, 3, ''),
	(660, '进口食品,生鲜', 0, 1, ''),
	(661, '零食/糖果/巧克力', 660, 2, ''),
	(662, '坚果', 661, 3, ''),
	(663, '蜜饯', 661, 3, ''),
	(669, '孕期教育', 546, 3, ''),
	(670, '电子商品', 0, 1, ''),
	(671, '手机', 670, 2, ''),
	(672, '华为手机', 671, 3, ''),
	(673, '联想手机', 671, 3, ''),
	(674, '手环', 670, 2, ''),
	(675, '小米手环', 674, 3, ''),
	(676, '保健食品', 0, 1, ''),
	(677, '老年保健品', 676, 2, ''),
	(678, '中年营养品', 676, 2, ''),
	(679, '儿童保健品', 676, 2, ''),
	(680, '脑白金', 677, 3, ''),
	(681, '箱包', 0, 1, ''),
	(682, '旅行箱', 681, 2, ''),
	(683, '手提箱', 681, 2, ''),
	(684, '大型', 683, 3, ''),
	(685, '小型', 683, 3, ''),
	(686, '中型', 683, 3, ''),
	(687, '大型', 682, 3, ''),
	(688, '中型', 682, 3, ''),
	(689, '小型', 682, 3, ''),
	(690, '电脑', 670, 2, ''),
	(691, '联想电脑', 690, 3, ''),
	(692, '刀叉', 656, 3, NULL),
	(693, '碗筷', 656, 3, NULL),
	(696, '客厅专用', 628, 2, ''),
	(698, '书籍', 0, 1, ''),
	(699, '职场书籍', 698, 2, ''),
	(700, '鼓励性书籍', 699, 3, ''),
	(701, '人性书籍', 698, 2, ''),
	(702, '国内作家', 701, 3, ''),
	(703, '国外作家', 701, 3, ''),
	(704, '销售类', 698, 2, ''),
	(705, '销售洗脑', 704, 3, ''),
	(706, '销售秘籍', 704, 3, ''),
	(707, '成为职场精英', 699, 3, ''),
	(708, '摄像机', 670, 2, ''),
	(709, '索尼', 708, 3, '');
/*!40000 ALTER TABLE `t_classify` ENABLE KEYS */;


-- 导出  表 interesting_shop_db.t_goods 结构
CREATE TABLE IF NOT EXISTS `t_goods` (
  `id` int(10) NOT NULL AUTO_INCREMENT COMMENT '主键',
  `goodsName` varchar(20) NOT NULL COMMENT '名称',
  `goodsDesc` varchar(1024) DEFAULT NULL COMMENT '描述',
  `price` float NOT NULL COMMENT '价格',
  `stock` int(10) NOT NULL COMMENT '库存',
  `classifyLevel1Id` int(10) DEFAULT NULL COMMENT '分类1',
  `classifyLevel2Id` int(10) DEFAULT NULL COMMENT '分类2',
  `classifyLevel3Id` int(10) DEFAULT NULL COMMENT '分类3',
  `fileName` varchar(200) DEFAULT NULL COMMENT '文件名称',
  `isDelete` int(1) DEFAULT '0' COMMENT '是否删除(1：删除 0：未删除)',
  PRIMARY KEY (`id`),
  UNIQUE KEY `PK__EASYBUY___94F6E55132E0915F` (`id`)
) ENGINE=InnoDB AUTO_INCREMENT=777 DEFAULT CHARSET=utf8;

-- 正在导出表  interesting_shop_db.t_goods 的数据：~45 rows (大约)
/*!40000 ALTER TABLE `t_goods` DISABLE KEYS */;
INSERT INTO `t_goods` (`id`, `goodsName`, `goodsDesc`, `price`, `stock`, `classifyLevel1Id`, `classifyLevel2Id`, `classifyLevel3Id`, `fileName`, `isDelete`) VALUES
	(733, '香奈儿', '订单', 152, 2, 548, 654, 655, '27A1789ED5764D82A5506DF3DC3933F9.jpg', 0),
	(734, '洗面奶', 'sadf', 152, 995, 548, 654, 655, 'D6C9BD438C5643D6B1A6C52E5426FE22.jpg', 0),
	(735, '啫喱水', '', 152, 1, 548, 654, 655, '1A836D2B3A3348DDAB19807E6CEA8028.jpg', 0),
	(736, '香水5852', '', 152, 1, 548, 654, 655, '4D9499BAD92A42D291094E797BA2EA3F.jpg', 0),
	(737, '香水', '', 152, 1, 548, 654, 655, 'A9924F9DB68B4DF99FDBF05902075AF0.jpg', 0),
	(738, '润肤露', '', 45, 1, 548, 654, 655, '3B059EDB5237407980458CE9EA9D3204.jpg', 0),
	(739, '洁面装', '', 156, 1, 548, 654, 655, 'A62C6DF55116440CA3DE9DB37901ED4F.jpg', 0),
	(740, '电饭锅', '', 158, 100, 628, 656, 659, '40C3B76BA31246618E3CFC8723D33517.jpg', 0),
	(741, '婴儿喂奶装1', 'anxin', 569, 5, 660, 637, 0, '401004B3D47C4C6FB1BC5EF19C21FC77.jpg', 0),
	(742, '坚果套餐', '', 158, 1000, 660, 661, 662, 'E03D74145A034F6D909879829CB99D80.jpg', 0),
	(743, '超甜蜜崭', '', 589, 1000, 660, 661, 663, '7121E55099FC477680B1229205CE3D29.jpg', 0),
	(744, '华为2566', '', 589, 1000, 670, 671, 672, 'F24B4140A2284B3788A38F3B5AD1809A.jpg', 0),
	(745, '荣耀3C', '', 589, 100, 670, 671, 672, 'F3921E12552A4D0AA3F75467B146A959.jpg', 0),
	(746, '小米手环', '', 963, 100, 670, 674, 675, '72F75A371B0B4C26A7F72FAAEF96FC68.jpg', 0),
	(747, '华为2265', '', 896, 1000, 670, 671, 673, '161F355A8A8549BA8F7F4CE3B4F07E40.jpg', 0),
	(748, '越南坚果', '', 520, 1000, 660, 661, 662, 'CBC98D3C9E544830821632F5C313D93E.jpg', 0),
	(749, '日本进口马桶', '', 5866, 1, 628, 657, 0, 'A5AF40825E6940B2A59A040100E181A8.jpg', 0),
	(750, '联想Y系列', '', 569, 1000, 670, 690, 691, '956DB0BEC41B41B8A06C05C950130E23.jpg', 0),
	(751, '脑白金1号', '', 589, 1000, 676, 677, 680, '66E96AF9E9714A5C9EA901811173D662.jpg', 0),
	(752, '莫里斯按', '', 589, 1000, 676, 678, 0, 'A7436BC607E74C81B392DCFE69D4AEAB.jpg', 0),
	(753, '三鹿好奶粉', '', 859, 100, 676, 679, 0, '3C465E7B8A324A8DA2A2EEE202E36166.jpg', 0),
	(754, '儿童牛奶', '', 5896, 100, 676, 679, 0, 'D1AC9AE71ED348FA8D880FD4279D3422.jpg', 0),
	(755, '软沙发', '', 8596, 99, 628, 696, 0, 'ED7921DE40FC47E18365754709A21194.jpg', 0),
	(756, '收纳盒', '', 5966, 100, 628, 696, 0, 'DB86CA25CA4F4B4AA906F46BE542C6A6.jpg', 0),
	(757, '洗衣液', '', 58, 1000, 628, 696, 0, 'E6CCDC343ACC471C908E9748776C6421.jpg', 0),
	(758, '红短沙发', '', 596, 1, 628, 696, 0, 'BD5C77465DC2466BBCE7F95FB9764392.jpg', 0),
	(759, '新西兰奶粉', '', 5896, 100, 676, 679, 0, '9ED375098D42497B8FC33167E06D0EE8.jpg', 0),
	(760, '婴儿车', '', 11000, 100, 681, 682, 687, '1DBC0930641D43C29D74A9E1B40FEEBB.jpg', 0),
	(761, '夏款婴儿车', '', 963, 100, 681, 682, 688, '16290C4DBEAC4F00A636667019621468.jpg', 0),
	(762, '抗压旅行箱', '', 569, 1000, 681, 683, 685, '272CC434BE7A4469AB0E7882BD1A85FF.jpg', 0),
	(763, '透明手提箱', '', 8596, 1000, 681, 683, 684, 'EAA8E66259BF4239B4A2237B62520EF1.jpg', 0),
	(764, '婴儿果粉', '', 5896, 1000, 660, 661, 662, '08BE30BF7B5F4930B0093D8CC4056057.jpg', 0),
	(765, '椰子粉', '', 5963, 1000, 660, 661, 662, '9C006B8BD1AD45398F474A8471ADC50B.jpg', 0),
	(766, '坚果蛋糕', '', 200, 100, 660, 661, 663, '2E5A16E21E0640E0BAE03E9B995DCD28.jpg', 0),
	(767, '编制手提箱', '', 5896, 1000, 681, 682, 688, '2E1D2A5E65A94FEEA17C72E47C530057.jpg', 0),
	(768, '纸箱', '', 5896, 100, 681, 682, 687, '443E5A4122064209AFE89250179A2FF0.jpg', 0),
	(769, '健胃液', '', 152, 1000, 676, 679, 0, '30B5547CD7384DAA8A2F4F4D8C0BBF89.jpg', 0),
	(770, '联想NTC', '', 8596, 100, 670, 671, 673, '48BC371A85A548B7A7589E3F542D911D.jpg', 0),
	(771, '双立人多用途刀具', '精致生活', 1998, 50, 628, 656, 692, '8647B6EA8C5249E49C12F733EF899FA9.jpg', 0),
	(772, '成功学', '甘愿平凡吗，如果是不要购买。', 888, 1, 698, 699, 700, 'C6A276BF2899465F9CB54CA02F750121.jpg', 0),
	(773, '厚黑学', '贵有贵的道理撒', 999, 2, 698, 699, 700, 'DDD6EBE01449490CB8A61C4D82BE84FA.jpg', 0),
	(774, '人性的弱点', '领导必看', 777, 70, 698, 701, 703, '5882540443CB48A6A37553912BA607A4.jpg', 0),
	(775, '人性论', '看名字就很厉害', 600, 2, 698, 701, 702, '4D2A5475271040ED8035D8953D5359AC.jpg', 0),
	(776, '销售洗脑', '销售改变世界时', 333, 30, 698, 704, 705, '79197D8A28CB4B848A62E8C8E9A8F77D.png', 0);
/*!40000 ALTER TABLE `t_goods` ENABLE KEYS */;


-- 导出  表 interesting_shop_db.t_notice 结构
CREATE TABLE IF NOT EXISTS `t_notice` (
  `id` int(10) NOT NULL AUTO_INCREMENT COMMENT '主键',
  `title` varchar(40) NOT NULL COMMENT '标题',
  `content` varchar(1000) NOT NULL COMMENT '内容',
  `createTime` varchar(10) NOT NULL COMMENT '创建时间',
  PRIMARY KEY (`id`),
  UNIQUE KEY `PK__EASYBUY___C63B5EE724927208` (`id`),
  UNIQUE KEY `UQ__EASYBUY___C12AD09D276EDEB3` (`title`)
) ENGINE=InnoDB AUTO_INCREMENT=704 DEFAULT CHARSET=utf8;

-- 正在导出表  interesting_shop_db.t_notice 的数据：~36 rows (大约)
/*!40000 ALTER TABLE `t_notice` DISABLE KEYS */;
INSERT INTO `t_notice` (`id`, `title`, `content`, `createTime`) VALUES
	(531, '会员特惠月开始了', '会员特惠月开始了,亲们赶快下单啊,不到剁手誓不罢休啊,不到离婚誓不清空购物车啊。更多优惠，尽在易买网。', '2010-12-22'),
	(597, '迎双旦促销大酬宾', '迎双旦促销大酬宾', '2010-12-24'),
	(649, '加入会员，赢千万大礼包', '加入会员，赢千万大礼包', '2010-12-22'),
	(650, '新年不夜天，通宵也是开张了', '新年不夜天，通宵也是开张了', '2011-05-22'),
	(651, '积分兑换开始了', '积分兑换开始了', '2010-12-22'),
	(653, '团购阿迪1折起', '团购阿迪1折起', '2010-12-22'),
	(664, '最新酷睿笔记本', 'IBME系列全场促销中，最新酷睿双核处理器，保证CPU更高效的运转。', '2013-08-05'),
	(675, 'aa', '012345678901234567890123456789012345678901234567890123456789012345678901234567890123456789012345678901234567890123456789012345678901234567890123456789012345678901234567890123456789012345678901234567890123456789012345678901234567890123456789012345678901234567890123456789012345678901234567890123456789012345678901234567890123456789012345678901234567890123456789012345678901234567890123456789012345678901234567890123456789012345678901234567890123456789012345678901234567890123456789012345678901234567890123456789012345678901234567890123456789012345678901234567890123456789012345678901234567890123456789', '2013-08-14'),
	(676, 'ResultR', 'ResultResultResultResultResu', '2016-03-28'),
	(677, '会员特惠月开始了1', '会员特惠月开始了', '2010-12-22'),
	(678, '迎双旦促销大酬宾2', '迎双旦促销大酬宾', '2010-12-24'),
	(679, '加入会员，赢千万大礼包3', '加入会员，赢千万大礼包', '2010-12-22'),
	(680, '新年不夜天，通宵也是开张了4', '新年不夜天，通宵也是开张了', '2011-05-22'),
	(681, '积分兑换开始了5', '积分兑换开始了', '2010-12-22'),
	(682, '团购阿迪1折起6', '团购阿迪1折起', '2010-12-22'),
	(683, '最新酷睿笔记本7', 'IBME系列全场促销中，最新酷睿双核处理器，保证CPU更高效的运转。', '2013-08-05'),
	(684, 'aa8', '012345678901234567890123456789012345678901234567890123456789012345678901234567890123456789012345678901234567890123456789012345678901234567890123456789012345678901234567890123456789012345678901234567890123456789012345678901234567890123456789012345678901234567890123456789012345678901234567890123456789012345678901234567890123456789012345678901234567890123456789012345678901234567890123456789012345678901234567890123456789012345678901234567890123456789012345678901234567890123456789012345678901234567890123456789012345678901234567890123456789012345678901234567890123456789012345678901234567890123456789', '2013-08-14'),
	(685, 'ResultR9', 'ResultResultResultResultResu', '2016-03-28'),
	(686, '会员特惠月开始了11', '会员特惠月开始了', '2010-12-22'),
	(687, '迎双旦促销大酬宾21', '迎双旦促销大酬宾', '2010-12-24'),
	(688, '加入会员，赢千万大礼包31', '加入会员，赢千万大礼包', '2010-12-22'),
	(689, '新年不夜天，通宵也是开张了41', '新年不夜天，通宵也是开张了', '2011-05-22'),
	(690, '积分兑换开始了51', '积分兑换开始了', '2010-12-22'),
	(691, '团购阿迪1折起61', '团购阿迪1折起', '2010-12-22'),
	(692, '最新酷睿笔记本71', 'IBME系列全场促销中，最新酷睿双核处理器，保证CPU更高效的运转。', '2013-08-05'),
	(693, 'aa81', '012345678901234567890123456789012345678901234567890123456789012345678901234567890123456789012345678901234567890123456789012345678901234567890123456789012345678901234567890123456789012345678901234567890123456789012345678901234567890123456789012345678901234567890123456789012345678901234567890123456789012345678901234567890123456789012345678901234567890123456789012345678901234567890123456789012345678901234567890123456789012345678901234567890123456789012345678901234567890123456789012345678901234567890123456789012345678901234567890123456789012345678901234567890123456789012345678901234567890123456789', '2013-08-14'),
	(694, 'ResultR91', 'ResultResultResultResultResu', '2016-03-28'),
	(695, '会员特惠月开始了111', '会员特惠月开始了', '2010-12-22'),
	(696, '迎双旦促销大酬宾211', '迎双旦促销大酬宾', '2010-12-24'),
	(697, '加入会员，赢千万大礼包311', '加入会员，赢千万大礼包', '2010-12-22'),
	(698, '新年不夜天，通宵也是开张了411', '新年不夜天，通宵也是开张了', '2011-05-22'),
	(699, '积分兑换开始了511', '积分兑换开始了', '2010-12-22'),
	(700, '团购阿迪1折起611', '团购阿迪1折起', '2010-12-22'),
	(701, '最新酷睿笔记本711', 'IBME系列全场促销中，最新酷睿双核处理器，保证CPU更高效的运转。', '2013-08-05'),
	(702, 'aa811', '012345678901234567890123456789012345678901234567890123456789012345678901234567890123456789012345678901234567890123456789012345678901234567890123456789012345678901234567890123456789012345678901234567890123456789012345678901234567890123456789012345678901234567890123456789012345678901234567890123456789012345678901234567890123456789012345678901234567890123456789012345678901234567890123456789012345678901234567890123456789012345678901234567890123456789012345678901234567890123456789012345678901234567890123456789012345678901234567890123456789012345678901234567890123456789012345678901234567890123456789', '2013-08-14'),
	(703, 'ResultR911', 'ResultResultResultResultResu', '2016-03-28');
/*!40000 ALTER TABLE `t_notice` ENABLE KEYS */;


-- 导出  表 interesting_shop_db.t_order_info 结构
CREATE TABLE IF NOT EXISTS `t_order_info` (
  `id` int(10) NOT NULL AUTO_INCREMENT COMMENT '主键',
  `baseOrderId` int(10) NOT NULL COMMENT '订单主键',
  `goodsId` int(10) NOT NULL COMMENT '商品主键',
  `buyNum` int(10) NOT NULL COMMENT '数量',
  `amount` float NOT NULL COMMENT '消费',
  PRIMARY KEY (`id`),
  UNIQUE KEY `PK__EASYBUY___66E1BD8E2F10007B` (`id`)
) ENGINE=InnoDB AUTO_INCREMENT=51 DEFAULT CHARSET=utf8;

-- 正在导出表  interesting_shop_db.t_order_info 的数据：~46 rows (大约)
/*!40000 ALTER TABLE `t_order_info` DISABLE KEYS */;
INSERT INTO `t_order_info` (`id`, `baseOrderId`, `goodsId`, `buyNum`, `amount`) VALUES
	(1, 1, 733, 5, 760),
	(2, 1, 734, 4, 608),
	(3, 1, 735, 1, 152),
	(4, 1, 738, 1, 45),
	(5, 1, 739, 1, 156),
	(6, 2, 755, 1, 8596),
	(7, 3, 733, 1, 152),
	(8, 3, 734, 1, 152),
	(9, 3, 735, 1, 152),
	(10, 4, 758, 1, 596),
	(11, 4, 734, 1, 152),
	(12, 5, 758, 1, 596),
	(13, 5, 734, 1, 152),
	(14, 6, 765, 1, 5963),
	(15, 6, 738, 1, 45),
	(16, 6, 756, 1, 5966),
	(17, 6, 773, 1, 999),
	(18, 6, 774, 1, 777),
	(19, 6, 775, 1, 600),
	(20, 6, 772, 1, 888),
	(21, 7, 765, 1, 5963),
	(22, 7, 738, 1, 45),
	(23, 7, 756, 1, 5966),
	(24, 7, 773, 1, 999),
	(25, 7, 774, 1, 777),
	(26, 7, 775, 1, 600),
	(27, 7, 772, 1, 888),
	(28, 8, 765, 1, 5963),
	(29, 8, 738, 1, 45),
	(30, 8, 756, 1, 5966),
	(31, 9, 738, 1, 45),
	(32, 9, 756, 1, 5966),
	(33, 10, 738, 1, 45),
	(34, 10, 756, 1, 5966),
	(35, 11, 772, 1, 888),
	(36, 15, 749, 1, 5866),
	(37, 16, 736, 1, 152),
	(38, 17, 737, 1, 152),
	(39, 18, 736, 1, 152),
	(40, 19, 739, 1, 156),
	(41, 20, 739, 1, 156),
	(42, 21, 738, 1, 45),
	(43, 22, 736, 1, 152),
	(44, 23, 733, 2, 304),
	(45, 23, 773, 2, 1998),
	(46, 23, 735, 1, 152),
	(47, 24, 735, 1, 152),
	(48, 25, 735, 1, 152),
	(49, 26, 735, 1, 152),
	(50, 27, 758, 1, 596);
/*!40000 ALTER TABLE `t_order_info` ENABLE KEYS */;


-- 导出  表 interesting_shop_db.t_result 结构
CREATE TABLE IF NOT EXISTS `t_result` (
  `stuno` char(10) DEFAULT NULL,
  `subjectName` char(10) DEFAULT NULL,
  `score` int(10) DEFAULT NULL,
  `age` int(10) DEFAULT NULL
) ENGINE=InnoDB DEFAULT CHARSET=utf8;

-- 正在导出表  interesting_shop_db.t_result 的数据：~6 rows (大约)
/*!40000 ALTER TABLE `t_result` DISABLE KEYS */;
INSERT INTO `t_result` (`stuno`, `subjectName`, `score`, `age`) VALUES
	('1', 'java', 80, 11),
	('1', 'c', 78, 12),
	('2', 'c', 60, 13),
	('3', 'java', 75, 14),
	('2', 'java', 75, 15),
	('4', 'java', 90, 16);
/*!40000 ALTER TABLE `t_result` ENABLE KEYS */;


-- 导出  表 interesting_shop_db.t_user 结构
CREATE TABLE IF NOT EXISTS `t_user` (
  `id` int(20) NOT NULL AUTO_INCREMENT COMMENT '主键',
  `account` varchar(255) NOT NULL COMMENT '账号',
  `nickName` varchar(255) NOT NULL COMMENT '昵称',
  `password` varchar(255) NOT NULL COMMENT '密码',
  `gender` int(1) NOT NULL DEFAULT '1' COMMENT '性别(1:男 0：女)',
  `idCardNo` varchar(60) DEFAULT NULL COMMENT '身份证号',
  `email` varchar(80) DEFAULT NULL COMMENT '邮箱',
  `phone` varchar(11) DEFAULT NULL COMMENT '手机',
  `type` int(2) DEFAULT '0' COMMENT '类型（1：后台 0:前台）',
  PRIMARY KEY (`id`),
  UNIQUE KEY `PK__EASYBUY___C96109CC3A81B327` (`account`)
) ENGINE=InnoDB AUTO_INCREMENT=24 DEFAULT CHARSET=utf8;

-- 正在导出表  interesting_shop_db.t_user 的数据：~12 rows (大约)
/*!40000 ALTER TABLE `t_user` DISABLE KEYS */;
INSERT INTO `t_user` (`id`, `account`, `nickName`, `password`, `gender`, `idCardNo`, `email`, `phone`, `type`) VALUES
	(2, 'admin', '系统管理员', 'e10adc3949ba59abbe56e057f20f883e', 1, '130406198302141869', 'hello11@bdqn.com', '15832335151', 1),
	(10, 'cgn', '程广宁', 'e10adc3949ba59abbe56e057f20f883e', 1, '140225189987854589', '1044732267@qq.com', '13366055011', 0),
	(11, 'hyl', '韩语良', 'e10adc3949ba59abbe56e057f20f883e', 1, '140225198874584539', '1044732267@qq.com', '13366055010', 0),
	(12, 'ck', '陈康', 'e10adc3949ba59abbe56e057f20f883e', 1, '140225189987854589', '1044732267@qq.com', '13366055010', 0),
	(13, 'kys', '康有沈', 'e10adc3949ba59abbe56e057f20f883e', 1, '1402251985512541525', '1044732267@qq.com', '13366055010', 0),
	(14, 'sb', '沈白', 'e10adc3949ba59abbe56e057f20f883e', 1, '140225158987854589', '1044732267@qq.com', '13366055010', 0),
	(16, 'lgw', '李高伟', 'e10adc3949ba59abbe56e057f20f883e', 1, '140225189987854589', '1011322658@qq.com', '13369985541', 0);
/*!40000 ALTER TABLE `t_user` ENABLE KEYS */;


-- 导出  表 interesting_shop_db.t_user_address 结构
CREATE TABLE IF NOT EXISTS `t_user_address` (
  `id` int(20) NOT NULL AUTO_INCREMENT COMMENT '主键id',
  `userId` int(255) DEFAULT NULL COMMENT '用户主键',
  `address` varchar(255) DEFAULT NULL COMMENT '地址',
  `createTime` datetime DEFAULT NULL COMMENT '创建时间',
  `isDefault` int(2) DEFAULT '0' COMMENT '是否是默认地址（1:是 0否）',
  `remark` varchar(255) DEFAULT NULL COMMENT '备注',
  PRIMARY KEY (`id`)
) ENGINE=InnoDB AUTO_INCREMENT=16 DEFAULT CHARSET=utf8;

-- 正在导出表  interesting_shop_db.t_user_address 的数据：~5 rows (大约)
/*!40000 ALTER TABLE `t_user_address` DISABLE KEYS */;
INSERT INTO `t_user_address` (`id`, `userId`, `address`, `createTime`, `isDefault`, `remark`) VALUES
	(11, 2, '北京市海淀区大有庄', NULL, 0, '朋友家'),
	(12, 2, '北京市海淀区大有庄', NULL, 0, '女朋友公司'),
	(13, 9, '北京市西直门大桥芬兰国际大厦', NULL, 0, '女朋友地址'),
	(14, 18, '北京市花园路小区', NULL, 0, '家里'),
	(15, 18, '北京市海淀区成府路', NULL, 0, '公司');
/*!40000 ALTER TABLE `t_user_address` ENABLE KEYS */;
/*!40101 SET SQL_MODE=IFNULL(@OLD_SQL_MODE, '') */;
/*!40014 SET FOREIGN_KEY_CHECKS=IF(@OLD_FOREIGN_KEY_CHECKS IS NULL, 1, @OLD_FOREIGN_KEY_CHECKS) */;
/*!40101 SET CHARACTER_SET_CLIENT=@OLD_CHARACTER_SET_CLIENT */;
